<?xml version="1.0" encoding="UTF-8"?>
<project-private xmlns="http://www.netbeans.org/ns/project-private/1">
    <editor-bookmarks xmlns="http://www.netbeans.org/ns/editor-bookmarks/2" lastBookmarkId="0"/>
    <open-files xmlns="http://www.netbeans.org/ns/projectui-open-files/2">
        <group>
            <file>file:/C:/Users/L0k35h_p4nd3y/Documents/NetBeansProjects/MongoPro/src/mongopro/login.java</file>
            <file>file:/C:/Users/L0k35h_p4nd3y/Documents/NetBeansProjects/MongoPro/src/mongopro/add_stud_rec.java</file>
            <file>file:/C:/Users/L0k35h_p4nd3y/Documents/NetBeansProjects/MongoPro/src/mongopro/employee_login.java</file>
            <file>file:/C:/Users/L0k35h_p4nd3y/Documents/NetBeansProjects/MongoPro/src/mongopro/records.java</file>
            <file>file:/C:/Users/L0k35h_p4nd3y/Documents/NetBeansProjects/MongoPro/src/mongopro/update_emp.java</file>
            <file>file:/C:/Users/L0k35h_p4nd3y/Documents/NetBeansProjects/MongoPro/src/mongopro/admin.java</file>
            <file>file:/C:/Users/L0k35h_p4nd3y/Documents/NetBeansProjects/MongoPro/src/mongopro/del_emp_record.java</file>
            <file>file:/C:/Users/L0k35h_p4nd3y/Documents/NetBeansProjects/MongoPro/src/mongopro/select_task.java</file>
            <file>file:/C:/Users/L0k35h_p4nd3y/Documents/NetBeansProjects/MongoPro/src/mongopro/stud_del.java</file>
            <file>file:/C:/Users/L0k35h_p4nd3y/Documents/NetBeansProjects/MongoPro/src/mongopro/stud_rec.java</file>
            <file>file:/C:/Users/L0k35h_p4nd3y/Documents/NetBeansProjects/MongoPro/src/mongopro/stud_update.java</file>
            <file>file:/C:/Users/L0k35h_p4nd3y/Documents/NetBeansProjects/MongoPro/src/mongopro/add_records.java</file>
            <file>file:/C:/Users/L0k35h_p4nd3y/Documents/NetBeansProjects/MongoPro/src/mongopro/Mongodserver.java</file>
            <file>file:/C:/Users/L0k35h_p4nd3y/Documents/NetBeansProjects/MongoPro/src/mongopro/delete.java</file>
        </group>
    </open-files>
</project-private>
